{
  "required": true,
  "package": "me.retucio.camtweaks.mixin",
  "compatibilityLevel": "JAVA_21",
  "mixins": [
    "ClientConnectionMixin",
    "DimensionTypeMixin",
    "EntityMixin",
    "HandshakeC2SPacketMixin",
    "ItemEntityMixin",
    "ItemMixin",
    "KeyInputMixin",
    "PlayerEntityMixin",
    "StringHelperMixin",
    "Vec3dMixin",
    "YggdrasilUserApiServiceMixin",
    "accessor.StatusEffectInstanceAccessor"
  ],
  "injectors": {
    "defaultRequire": 1
  },
  "overwrites": {
    "requireAnnotations": true
  },
  "client": [
    "BossBarHudMixin",
    "CameraMixin",
    "ChatHudLineMixin",
    "ChatHudLineVisibleMixin",
    "ChatHudMixin",
    "ChatInputSuggestorMixin",
    "ChatScreenMixin",
    "ChunkBorderDebugRendererMixin",
    "ChunkOcclusionDataBuilderMixin",
    "ClientPlayerEntityMixin",
    "ClientPlayerInteractionManagerMixin",
    "ClientPlayNetworkHandlerMixin",
    "ClientWorldMixin",
    "ClientWorldPropertiesMixin",
    "DamageParticleFactoryMixin",
    "DamageParticleMixin",
    "FogRendererMixin",
    "GameOptionsMixin",
    "GameRendererMixin",
    "HeldItemRendererMixin",
    "InGameHudMixin",
    "InGameOverlayRendererMixin",
    "KeyboardMixin",
    "LightmapTextureManagerMixin",
    "LivingEntityRendererMixin",
    "MessageHandlerMixin",
    "MinecraftClientMixin",
    "MouseMixin",
    "OverlayTextureMixin",
    "ParticleManagerMixin",
    "ScreenMixin",
    "ScreenshotRecorderMixin",
    "SkyRendererMixin",
    "StuckArrowsFeatureRendererMixin",
    "TelemetryManagerMixin",
    "TextRendererDrawerMixin",
    "TextRendererMixin",
    "WeatherRenderingMixin",
    "WorldRendererMixin",
    "accessor.AbstractSignEditScreenAccessor",
    "accessor.ClientPlayNetworkHandlerAccessor",
    "accessor.HandledScreenAccessor",
    "accessor.KeyBindingAccessor"
  ]
}