{
	"schemaVersion": 1,
	"id": "camtweaks",
	"version": "${version}",
	"name": "mod de putas de retucio",
	"description": "cositas chulas pa la cámara",
	"authors": [
		"el prepu"
	],
	"contact": {
		"homepage": "https://github.com/retuci0",
		"sources": "https://github.com/retuci0/camera-tweaks"
	},
	"license": "CC0-1.0",
	"icon": "assets/camtweaks/icon.png",
	"environment": "*",
	"entrypoints": {
		"main": [
		], "client": [
			"me.retucio.camtweaks.CameraTweaks"
		]
	},
	"mixins": [
		"camtweaks.mixins.json"
	],
	"accessWidener": "camtweaks.accesswidener",
	"depends": {
		"fabricloader": ">=0.17.3",
		"minecraft": "~1.21.10",
		"java": ">=21",
		"fabric-api": "*"
	},
	"suggests": {}
}